0,1,2,3,4,5,6
Bread,Wine,Eggs,Meat,Cheese,Butter,Diaper
Bread,Cheese,Meat,Diaper,Wine,Milk,Butter
Cheese,Meat,Eggs,Milk,Wine,,
Cheese,Meat,Eggs,Milk,Wine,,
Meat,Butter,Wine,,,,
Eggs,Bread,Wine,Butter,Milk,Diaper,Donuts
Wine,Butter,Eggs,Cheese,,,
Donuts,Bread,Milk,Butter,Diaper,,
Bread,Diaper,Cheese,Milk,Wine,Eggs,
Donuts,Wine,Diaper,Meat,Butter,Eggs,Cheese
Cheese,Meat,Eggs,Milk,Wine,,
Donuts,Eggs,Meat,Bread,Diaper,Wine,Milk
Bread,Diaper,Butter,Donuts,Meat,,
Donuts,Cheese,Milk,Meat,,,
Bread,,,,,,
Butter,Diaper,Donuts,,,,
Meat,Donuts,Bread,,,,
Bread,Donuts,Milk,,,,
Diaper,,,,,,
Donuts,Cheese,Meat,Bread,Diaper,Eggs,
Meat,Butter,Cheese,Bread,,,
Cheese,Eggs,Wine,Bread,Milk,Butter,Meat
Eggs,Donuts,Cheese,Meat,Diaper,,
Diaper,Wine,Eggs,Butter,Meat,,
Diaper,Meat,Milk,Bread,Donuts,Cheese,
Butter,,,,,,
Cheese,Meat,Eggs,Milk,Wine,,
Diaper,Meat,Bread,Butter,Wine,Cheese,Milk
Bread,Donuts,,,,,
Meat,Bread,Eggs,Cheese,Milk,Diaper,
Diaper,Meat,,,,,
Cheese,Donuts,Bread,Diaper,Wine,,
Cheese,Milk,Bread,,,,
Bread,Donuts,Milk,,,,
Diaper,Bread,Wine,Meat,Donuts,,
Bread,Cheese,Milk,Wine,Diaper,,
Bread,Donuts,Milk,,,,
Bread,Donuts,Milk,,,,
Eggs,,,,,,
Bread,Donuts,Milk,,,,
Bread,Donuts,Milk,,,,
Meat,,,,,,
Eggs,Wine,Milk,Cheese,Butter,Donuts,Bread
Donuts,Eggs,,,,,
Diaper,Wine,Meat,,,,
Diaper,Bread,Donuts,Eggs,Wine,Milk,Cheese
Cheese,Meat,Eggs,Milk,,,
Eggs,Wine,,,,,
Cheese,Meat,Eggs,Milk,Wine,,
Wine,Milk,,,,,
Diaper,,,,,,
Wine,Bread,Donuts,Diaper,Milk,,
Cheese,Meat,Eggs,Milk,Wine,,
Cheese,Meat,Eggs,Milk,,,
Cheese,Diaper,Meat,Wine,Bread,,
Wine,Milk,Diaper,Butter,Cheese,Eggs,
Cheese,Eggs,Meat,Diaper,Wine,Milk,Bread
Diaper,Eggs,,,,,
Cheese,Meat,Eggs,Milk,Wine,,
Wine,Cheese,Donuts,Butter,Bread,Meat,Diaper
Milk,Butter,Cheese,Donuts,,,
Meat,Cheese,Diaper,Wine,,,
Bread,Donuts,Milk,,,,
Bread,Meat,Butter,Milk,Wine,Diaper,
Butter,Cheese,Diaper,Wine,Eggs,,
Bread,Diaper,Milk,Butter,Cheese,Eggs,
Butter,Milk,Cheese,,,,
Eggs,Donuts,Bread,,,,
Diaper,Bread,Cheese,Donuts,Meat,Butter,
Bread,Donuts,Milk,Diaper,,,
Eggs,Bread,,,,,
Butter,Milk,Diaper,Eggs,,,
Butter,Milk,Meat,Cheese,,,
Donuts,Bread,Diaper,Cheese,Meat,,
Cheese,Meat,Eggs,Milk,,,
Cheese,Meat,Eggs,Milk,,,
Bread,Wine,Eggs,Donuts,Cheese,Butter,Diaper
Diaper,,,,,,
Cheese,Meat,Eggs,Milk,,,
Milk,,,,,,
Bread,Butter,,,,,
Wine,Milk,Cheese,,,,
Cheese,Donuts,,,,,
Butter,Diaper,Wine,,,,
Eggs,Meat,Cheese,,,,
Meat,Donuts,Butter,,,,
Meat,Eggs,Donuts,Cheese,Wine,,
Bread,Cheese,Wine,Donuts,Milk,Meat,
Meat,Cheese,Butter,Wine,Bread,,
Milk,Cheese,Wine,Donuts,Meat,Butter,Bread
Butter,Cheese,Wine,Milk,Diaper,Donuts,
Bread,Donuts,Milk,,,,
Cheese,Meat,Eggs,Milk,,,
Cheese,Diaper,Butter,Donuts,Wine,Meat,Eggs
Eggs,Meat,Wine,Donuts,Milk,Cheese,Diaper
Meat,,,,,,
Bread,Donuts,Milk,,,,
Butter,,,,,,
Wine,Diaper,Bread,Cheese,,,
Donuts,Butter,Wine,Meat,,,
Wine,Bread,,,,,
Bread,Milk,Eggs,Cheese,Wine,Butter,
Cheese,Milk,Meat,Eggs,Donuts,,
Cheese,Meat,Eggs,Milk,,,
Diaper,Wine,Meat,Eggs,,,
Meat,Diaper,,,,,
Butter,Wine,Bread,Milk,,,
Donuts,Bread,Eggs,Milk,Butter,Meat,Wine
Milk,Cheese,Wine,Meat,Donuts,Diaper,Bread
Donuts,Diaper,Milk,Cheese,Wine,,
Bread,Donuts,Milk,,,,
Diaper,,,,,,
Donuts,Butter,Bread,Cheese,Eggs,,
Bread,Eggs,Cheese,,,,
Meat,Milk,Butter,,,,
Bread,Cheese,Eggs,Meat,Butter,Diaper,Wine
Meat,Cheese,,,,,
Eggs,Wine,Donuts,Bread,Meat,,
Donuts,Cheese,,,,,
Donuts,Butter,Diaper,Wine,Meat,,
Milk,Butter,,,,,
Butter,Wine,Donuts,Eggs,Diaper,,
Bread,Meat,Milk,Cheese,Wine,Eggs,Butter
Bread,Donuts,Milk,,,,
Butter,Bread,,,,,
Eggs,Milk,Donuts,Wine,,,
Cheese,Butter,Meat,Eggs,Milk,Donuts,Wine
Cheese,Milk,,,,,
Diaper,Butter,Milk,Bread,,,
Bread,Donuts,Milk,,,,
Cheese,Meat,Eggs,Milk,,,
Bread,Donuts,Milk,,,,
Diaper,,,,,,
Meat,Bread,Wine,Diaper,Donuts,,
Donuts,,,,,,
Wine,Diaper,,,,,
Meat,Diaper,Eggs,Cheese,Donuts,,
Bread,Butter,Donuts,Eggs,,,
Milk,Eggs,Meat,Cheese,Bread,Wine,Butter
Butter,Eggs,Meat,,,,
Butter,Donuts,,,,,
Bread,Donuts,Meat,Cheese,Eggs,Butter,
Milk,Eggs,Bread,Cheese,,,
Milk,,,,,,
Butter,Meat,Bread,Donuts,Cheese,,
Wine,Eggs,Bread,Diaper,,,
Meat,Cheese,Eggs,Donuts,Wine,Bread,
Meat,Cheese,Bread,Milk,,,
Cheese,Milk,Butter,Eggs,Bread,Meat,
Bread,,,,,,
Bread,Eggs,Donuts,Diaper,Milk,Meat,Butter
Milk,Diaper,,,,,
Cheese,Eggs,Meat,Wine,Donuts,Diaper,Bread
Diaper,Donuts,Bread,Butter,Cheese,Milk,
Diaper,,,,,,
Cheese,Meat,Eggs,Milk,,,
Cheese,Wine,Meat,Donuts,,,
Cheese,Diaper,Eggs,Milk,,,
Wine,Cheese,Meat,Butter,Eggs,,
Eggs,Donuts,Butter,Wine,Cheese,,
Donuts,Diaper,,,,,
Meat,,,,,,
Bread,Eggs,Wine,,,,
Bread,Milk,Butter,Wine,Eggs,Donuts,
Milk,Bread,Donuts,,,,
Donuts,Eggs,,,,,
Wine,Cheese,Milk,Meat,Bread,Eggs,
Meat,Wine,,,,,
Wine,Bread,,,,,
Meat,Eggs,,,,,
Donuts,Milk,Wine,Butter,Cheese,,
Cheese,Meat,Eggs,Milk,,,
Bread,Diaper,Butter,Donuts,Cheese,,
Bread,Butter,Diaper,Cheese,,,
Cheese,Meat,Eggs,Milk,,,
Eggs,Donuts,Meat,Diaper,Butter,Milk,Bread
Bread,Donuts,Milk,,,,
Diaper,Meat,Wine,Butter,Bread,,
Eggs,Cheese,,,,,
Cheese,Butter,Wine,,,,
Eggs,,,,,,
Butter,Milk,Eggs,,,,
Donuts,Cheese,Eggs,Milk,Meat,Butter,Bread
Donuts,Diaper,Butter,Milk,Meat,,
Cheese,Meat,Eggs,Milk,,,
Cheese,Bread,Wine,,,,
Bread,Cheese,Milk,Diaper,Butter,,
Milk,Butter,Donuts,Wine,Eggs,Meat,
Wine,Milk,Eggs,Bread,Meat,,
Bread,,,,,,
Bread,Diaper,Butter,Meat,Wine,,
Cheese,Butter,,,,,
Bread,Diaper,,,,,
Donuts,Diaper,Wine,Bread,,,
Wine,Bread,Diaper,,,,
Bread,Donuts,Milk,,,,
Diaper,Donuts,,,,,
Bread,Meat,Butter,Eggs,Cheese,Milk,Wine
Bread,Wine,Diaper,Eggs,Butter,,
Bread,Wine,Diaper,Eggs,Butter,,
Bread,Wine,Diaper,,,,
Bread,Wine,Diaper,Eggs,,,
Bread,Wine,Diaper,Eggs,Butter,Milk,
Wine,Butter,Eggs,Cheese,,,
Donuts,Bread,Milk,Butter,Diaper,,
Bread,Diaper,Cheese,Milk,Wine,Eggs,
Donuts,Wine,Diaper,Meat,Butter,Eggs,Cheese
Cheese,Meat,Eggs,Milk,Wine,,
Donuts,Eggs,Meat,Bread,Diaper,Wine,Milk
Bread,Diaper,Butter,Donuts,Meat,,
Donuts,Cheese,Milk,Meat,,,
Bread,,,,,,
Butter,Diaper,Donuts,,,,
Meat,Donuts,Bread,,,,
Bread,Donuts,Milk,,,,
Diaper,,,,,,
Donuts,Cheese,Meat,Bread,Diaper,Eggs,
Meat,Butter,Cheese,Bread,,,
Cheese,Eggs,Wine,Bread,Milk,Butter,Meat
Eggs,Donuts,Cheese,Meat,Diaper,,
Diaper,Wine,Eggs,Butter,Meat,,
Diaper,Meat,Milk,Bread,Donuts,Cheese,
Butter,,,,,,
Cheese,Meat,Eggs,Milk,Wine,,
Diaper,Meat,Bread,Butter,Wine,Cheese,Milk
Bread,Donuts,,,,,
Meat,Bread,Eggs,Cheese,Milk,Diaper,
Diaper,Meat,,,,,
Cheese,Donuts,Bread,Diaper,Wine,,
Cheese,Milk,Bread,,,,
Bread,Donuts,Milk,,,,
Diaper,Bread,Wine,Meat,Donuts,,
Bread,Cheese,Milk,Wine,Diaper,,
Bread,Donuts,Milk,,,,
Bread,Donuts,Milk,,,,
Eggs,,,,,,
Bread,Donuts,Milk,,,,
Bread,Donuts,Milk,,,,
Meat,,,,,,
Eggs,Wine,Milk,Cheese,Butter,Donuts,Bread
Donuts,Eggs,,,,,
Diaper,Wine,Meat,,,,
Diaper,Bread,Donuts,Eggs,Wine,Milk,Cheese
Cheese,Meat,Eggs,Milk,,,
Eggs,Wine,,,,,
Cheese,Meat,Eggs,Milk,Wine,,
Wine,Milk,,,,,
Diaper,,,,,,
Wine,Bread,Donuts,Diaper,Milk,,
Cheese,Meat,Eggs,Milk,Wine,,
Cheese,Meat,Eggs,Milk,,,
Cheese,Diaper,Meat,Wine,Bread,,
Wine,Milk,Diaper,Butter,Cheese,Eggs,
Cheese,Eggs,Meat,Diaper,Wine,Milk,Bread
Diaper,Eggs,,,,,
Cheese,Meat,Eggs,Milk,Wine,,
Wine,Cheese,Donuts,Butter,Bread,Meat,Diaper
Milk,Butter,Cheese,Donuts,,,
Meat,Cheese,Diaper,Wine,,,
Bread,Donuts,Milk,,,,
Bread,Meat,Butter,Milk,Wine,Diaper,
Butter,Cheese,Diaper,Wine,Eggs,,
Bread,Diaper,Milk,Butter,Cheese,Eggs,
Butter,Milk,Cheese,,,,
Eggs,Donuts,Bread,,,,
Diaper,Bread,Cheese,Donuts,Meat,Butter,
Bread,Donuts,Milk,Diaper,,,
Eggs,Bread,,,,,
Butter,Milk,Diaper,Eggs,,,
Butter,Milk,Meat,Cheese,,,
Donuts,Bread,Diaper,Cheese,Meat,,
Cheese,Meat,Eggs,Milk,,,
Cheese,Meat,Eggs,Milk,,,
Bread,Wine,Eggs,Donuts,Cheese,Butter,Diaper
Diaper,,,,,,
Cheese,Meat,Eggs,Milk,,,
Milk,,,,,,
Bread,Butter,,,,,
Wine,Milk,Cheese,,,,
Cheese,Donuts,,,,,
Butter,Diaper,Wine,,,,
Eggs,Meat,Cheese,,,,
Meat,Donuts,Butter,,,,
Meat,Eggs,Donuts,Cheese,Wine,,
Bread,Cheese,Wine,Donuts,Milk,Meat,
Meat,Cheese,Butter,Wine,Bread,,
Milk,Cheese,Wine,Donuts,Meat,Butter,Bread
Butter,Cheese,Wine,Milk,Diaper,Donuts,
Bread,Donuts,Milk,,,,
Cheese,Meat,Eggs,Milk,,,
Cheese,Diaper,Butter,Donuts,Wine,Meat,Eggs
Eggs,Meat,Wine,Donuts,Milk,Cheese,Diaper
Meat,,,,,,
Bread,Donuts,Milk,,,,
Butter,,,,,,
Wine,Diaper,Bread,Cheese,,,
Donuts,Butter,Wine,Meat,,,
Wine,Bread,,,,,
Bread,Milk,Eggs,Cheese,Wine,Butter,
Cheese,Milk,Meat,Eggs,Donuts,,
Cheese,Meat,Eggs,Milk,,,
Diaper,Wine,Meat,Eggs,,,
Meat,Diaper,,,,,
Butter,Wine,Bread,Milk,,,
Donuts,Bread,Eggs,Milk,Butter,Meat,Wine
Milk,Cheese,Wine,Meat,Donuts,Diaper,Bread
Donuts,Diaper,Milk,Cheese,Wine,,
Bread,Donuts,Milk,,,,
Diaper,,,,,,
Donuts,Butter,Bread,Cheese,Eggs,,
Bread,Eggs,Cheese,,,,
Meat,Milk,Butter,,,,
Bread,Cheese,Eggs,Meat,Butter,Diaper,Wine
Meat,Cheese,,,,,
Eggs,Wine,Donuts,Bread,Meat,,